[
  {
    "id": 1,
    "first_name": "Karil",
    "last_name": "Zylberdik",
    "email": "kzylberdik0@fotki.com",
    "gender": "Female",
    "date_of_birth": "20-Jun-1977",
    "mobile_number": "8768143020"
  },
  {
    "id": 2,
    "first_name": "Hunt",
    "last_name": "Domenichelli",
    "email": "hdomenichelli1@edublogs.org",
    "gender": "Male",
    "date_of_birth": "03-Dec-2019",
    "mobile_number": "4945352560"
  },
  {
    "id": 3,
    "first_name": "Kassandra",
    "last_name": "Laird",
    "email": "klaird2@mediafire.com",
    "gender": "Female",
    "date_of_birth": "03-May-2011",
    "mobile_number": "3979037711"
  },
  {
    "id": 4,
    "first_name": "Lucy",
    "last_name": "Wiper",
    "email": "lwiper3@si.edu",
    "gender": "Female",
    "date_of_birth": "19-Jun-2009",
    "mobile_number": "6197872764"
  },
  {
    "id": 5,
    "first_name": "Pearla",
    "last_name": "Dorkens",
    "email": "pdorkens4@last.fm",
    "gender": "Female",
    "date_of_birth": "30-Dec-2018",
    "mobile_number": "6113746869"
  },
  {
    "id": 6,
    "first_name": "Raimondo",
    "last_name": "Stedman",
    "email": "rstedman5@cbsnews.com",
    "gender": "Male",
    "date_of_birth": "27-Oct-1974",
    "mobile_number": "2462814393"
  },
  {
    "id": 7,
    "first_name": "Griff",
    "last_name": "Pritchard",
    "email": "gpritchard6@goodreads.com",
    "gender": "Non-binary",
    "date_of_birth": "13-Jul-1989",
    "mobile_number": "4298351743"
  },
  {
    "id": 8,
    "first_name": "Ange",
    "last_name": "Hazeldine",
    "email": "ahazeldine7@mit.edu",
    "gender": "Male",
    "date_of_birth": "20-Dec-2015",
    "mobile_number": "9654095840"
  },
  {
    "id": 9,
    "first_name": "Wain",
    "last_name": "Betteney",
    "email": "wbetteney8@bloglovin.com",
    "gender": "Agender",
    "date_of_birth": "10-May-2017",
    "mobile_number": "3792438479"
  },
  {
    "id": 10,
    "first_name": "Iorgo",
    "last_name": "Blockley",
    "email": "iblockley9@google.es",
    "gender": "Male",
    "date_of_birth": "18-May-1962",
    "mobile_number": "4666731116"
  },
  {
    "id": 11,
    "first_name": "Erena",
    "last_name": "Sherratt",
    "email": "esherratta@cbc.ca",
    "gender": "Female",
    "date_of_birth": "09-Mar-1994",
    "mobile_number": "8528249110"
  },
  {
    "id": 12,
    "first_name": "Anissa",
    "last_name": "Lukianov",
    "email": "alukianovb@bbb.org",
    "gender": "Female",
    "date_of_birth": "04-Feb-1962",
    "mobile_number": "1095241252"
  },
  {
    "id": 13,
    "first_name": "Dulci",
    "last_name": "Rawlinson",
    "email": "drawlinsonc@wikipedia.org",
    "gender": "Agender",
    "date_of_birth": "09-Dec-2011",
    "mobile_number": "1576358016"
  },
  {
    "id": 14,
    "first_name": "Florida",
    "last_name": "Brimson",
    "email": "fbrimsond@prnewswire.com",
    "gender": "Female",
    "date_of_birth": "16-Sep-2012",
    "mobile_number": "3562246720"
  },
  {
    "id": 15,
    "first_name": "Emmanuel",
    "last_name": "Elton",
    "email": "eeltone@rakuten.co.jp",
    "gender": "Male",
    "date_of_birth": "28-Apr-1987",
    "mobile_number": "9546679716"
  },
  {
    "id": 16,
    "first_name": "Francisco",
    "last_name": "Rudinger",
    "email": "frudingerf@joomla.org",
    "gender": "Non-binary",
    "date_of_birth": "14-Jun-2005",
    "mobile_number": "3478989074"
  },
  {
    "id": 17,
    "first_name": "Flinn",
    "last_name": "Crickett",
    "email": "fcrickettg@sphinn.com",
    "gender": "Male",
    "date_of_birth": "16-Oct-1976",
    "mobile_number": "2418059669"
  },
  {
    "id": 18,
    "first_name": "Evonne",
    "last_name": "Dell'Abbate",
    "email": "edellabbateh@slideshare.net",
    "gender": "Female",
    "date_of_birth": "19-May-1977",
    "mobile_number": "9153790813"
  },
  {
    "id": 19,
    "first_name": "Turner",
    "last_name": "Ervine",
    "email": "tervinei@nyu.edu",
    "gender": "Male",
    "date_of_birth": "01-Mar-2014",
    "mobile_number": "2375831465"
  },
  {
    "id": 20,
    "first_name": "Rance",
    "last_name": "Reames",
    "email": "rreamesj@youku.com",
    "gender": "Male",
    "date_of_birth": "23-Sep-1964",
    "mobile_number": "5276367362"
  },
  {
    "id": 21,
    "first_name": "Puff",
    "last_name": "Fletcher",
    "email": "pfletcherk@delicious.com",
    "gender": "Male",
    "date_of_birth": "28-Nov-1985",
    "mobile_number": "1095411605"
  },
  {
    "id": 22,
    "first_name": "Waiter",
    "last_name": "Bullant",
    "email": "wbullantl@123-reg.co.uk",
    "gender": "Male",
    "date_of_birth": "08-Dec-1994",
    "mobile_number": "1966561875"
  },
  {
    "id": 23,
    "first_name": "Giffard",
    "last_name": "Shaylor",
    "email": "gshaylorm@fda.gov",
    "gender": "Male",
    "date_of_birth": "10-Nov-2000",
    "mobile_number": "8708983030"
  },
  {
    "id": 24,
    "first_name": "Eugenio",
    "last_name": "Dorset",
    "email": "edorsetn@friendfeed.com",
    "gender": "Male",
    "date_of_birth": "30-Sep-1989",
    "mobile_number": "7465359922"
  },
  {
    "id": 25,
    "first_name": "Noelyn",
    "last_name": "Clulow",
    "email": "nclulowo@canalblog.com",
    "gender": "Female",
    "date_of_birth": "24-Feb-2018",
    "mobile_number": "6251739971"
  },
  {
    "id": 26,
    "first_name": "Dale",
    "last_name": "Gibson",
    "email": "dgibsonp@mozilla.org",
    "gender": "Male",
    "date_of_birth": "28-May-2001",
    "mobile_number": "8088148875"
  },
  {
    "id": 27,
    "first_name": "Karilynn",
    "last_name": "Brothers",
    "email": "kbrothersq@oracle.com",
    "gender": "Female",
    "date_of_birth": "21-Jan-1977",
    "mobile_number": "2209038289"
  },
  {
    "id": 28,
    "first_name": "Jacob",
    "last_name": "Gell",
    "email": "jgellr@vistaprint.com",
    "gender": "Male",
    "date_of_birth": "26-Dec-1985",
    "mobile_number": "5417126794"
  },
  {
    "id": 29,
    "first_name": "Cass",
    "last_name": "Bridgwood",
    "email": "cbridgwoods@hibu.com",
    "gender": "Female",
    "date_of_birth": "15-Apr-1994",
    "mobile_number": "6733169026"
  },
  {
    "id": 30,
    "first_name": "Cynthie",
    "last_name": "Scrane",
    "email": "cscranet@cafepress.com",
    "gender": "Female",
    "date_of_birth": "20-Apr-2002",
    "mobile_number": "1295969115"
  },
  {
    "id": 31,
    "first_name": "Town",
    "last_name": "Bowcock",
    "email": "tbowcocku@omniture.com",
    "gender": "Male",
    "date_of_birth": "11-May-1986",
    "mobile_number": "2253953747"
  },
  {
    "id": 32,
    "first_name": "Wanids",
    "last_name": "Monsey",
    "email": "wmonseyv@miibeian.gov.cn",
    "gender": "Female",
    "date_of_birth": "09-Jun-1983",
    "mobile_number": "5718364198"
  },
  {
    "id": 33,
    "first_name": "Fannie",
    "last_name": "Lyndon",
    "email": "flyndonw@nymag.com",
    "gender": "Female",
    "date_of_birth": "05-Jan-2008",
    "mobile_number": "9055357696"
  },
  {
    "id": 34,
    "first_name": "Garwin",
    "last_name": "Mulvany",
    "email": "gmulvanyx@marketwatch.com",
    "gender": "Male",
    "date_of_birth": "14-Jan-2020",
    "mobile_number": "7675132860"
  },
  {
    "id": 35,
    "first_name": "Andriette",
    "last_name": "Kolak",
    "email": "akolaky@icio.us",
    "gender": "Female",
    "date_of_birth": "04-Mar-1963",
    "mobile_number": "6251109214"
  },
  {
    "id": 36,
    "first_name": "Waldemar",
    "last_name": "Clavey",
    "email": "wclaveyz@ocn.ne.jp",
    "gender": "Male",
    "date_of_birth": "29-Apr-2018",
    "mobile_number": "9227297057"
  },
  {
    "id": 37,
    "first_name": "Cross",
    "last_name": "Wooler",
    "email": "cwooler10@guardian.co.uk",
    "gender": "Male",
    "date_of_birth": "14-Feb-1991",
    "mobile_number": "1955943178"
  },
  {
    "id": 38,
    "first_name": "Nora",
    "last_name": "Gwatkin",
    "email": "ngwatkin11@washingtonpost.com",
    "gender": "Female",
    "date_of_birth": "28-Apr-2005",
    "mobile_number": "1219660280"
  },
  {
    "id": 39,
    "first_name": "Aurelia",
    "last_name": "Llorens",
    "email": "allorens12@freewebs.com",
    "gender": "Female",
    "date_of_birth": "12-Sep-2001",
    "mobile_number": "4329413987"
  },
  {
    "id": 40,
    "first_name": "Adolphus",
    "last_name": "Coker",
    "email": "acoker13@blogs.com",
    "gender": "Male",
    "date_of_birth": "21-Aug-1981",
    "mobile_number": "8599735210"
  },
  {
    "id": 41,
    "first_name": "Chiarra",
    "last_name": "Huxtable",
    "email": "chuxtable14@sourceforge.net",
    "gender": "Female",
    "date_of_birth": "08-Feb-1989",
    "mobile_number": "3576997977"
  },
  {
    "id": 42,
    "first_name": "Dreddy",
    "last_name": "Sacase",
    "email": "dsacase15@wp.com",
    "gender": "Female",
    "date_of_birth": "25-Jan-1980",
    "mobile_number": "9464018965"
  },
  {
    "id": 43,
    "first_name": "Nickola",
    "last_name": "Boreham",
    "email": "nboreham16@icq.com",
    "gender": "Male",
    "date_of_birth": "28-Nov-1980",
    "mobile_number": "8214638263"
  },
  {
    "id": 44,
    "first_name": "Zea",
    "last_name": "Duckerin",
    "email": "zduckerin17@wufoo.com",
    "gender": "Female",
    "date_of_birth": "05-Nov-1962",
    "mobile_number": "3734829976"
  },
  {
    "id": 45,
    "first_name": "Spence",
    "last_name": "Lettuce",
    "email": "slettuce18@ihg.com",
    "gender": "Male",
    "date_of_birth": "09-Apr-1999",
    "mobile_number": "6124945363"
  },
  {
    "id": 46,
    "first_name": "Corrianne",
    "last_name": "Geely",
    "email": "cgeely19@lulu.com",
    "gender": "Female",
    "date_of_birth": "04-Jun-1988",
    "mobile_number": "8878096631"
  },
  {
    "id": 47,
    "first_name": "Maureene",
    "last_name": "Cantor",
    "email": "mcantor1a@paypal.com",
    "gender": "Female",
    "date_of_birth": "26-Jul-1978",
    "mobile_number": "4822210319"
  },
  {
    "id": 48,
    "first_name": "Danni",
    "last_name": "Osmint",
    "email": "dosmint1b@twitter.com",
    "gender": "Female",
    "date_of_birth": "24-Oct-2002",
    "mobile_number": "4922259496"
  },
  {
    "id": 49,
    "first_name": "Persis",
    "last_name": "Lytton",
    "email": "plytton1c@furl.net",
    "gender": "Female",
    "date_of_birth": "05-Nov-1974",
    "mobile_number": "5181093026"
  },
  {
    "id": 50,
    "first_name": "Clyve",
    "last_name": "Cawtheray",
    "email": "ccawtheray1d@addthis.com",
    "gender": "Male",
    "date_of_birth": "05-Jan-1964",
    "mobile_number": "3736555731"
  }
]
